1,Dunc,Swift,dswift0@salon.com,3553442294219331
2,Zonda,Payfoot,zpayfoot1@mozilla.org,374622373075968
3,Del,Munt,dmunt2@exblog.jp,3537889658971256
4,Louis,Ingleson,lingleson3@amazon.co.jp,589325742721850607
5,Allys,Hollyar,ahollyar4@about.me,3576111717441052
6,Henderson,Beams,hbeams5@yahoo.com,491113377291099668
7,Cornie,Ast,cast6@nytimes.com,06043732161205095
8,Corrine,Fragino,cfragino7@github.com,340985790264643
9,Madelyn,Pumfrey,mpumfrey8@hp.com,5641822449379479
10,Niles,Kynman,nkynman9@timesonline.co.uk,67065066880052552
11,Edmon,Beaze,ebeazea@dot.gov,5552773729057920
12,Willard,Rounce,wrounceb@stumbleupon.com,5602235913633890
13,Jessamine,Climar,jclimarc@pen.io,3576520904498651
14,Alvera,Theodoris,atheodorisd@europa.eu,5893695955368755755
15,Alan,McWilliams,amcwilliamse@domainmarket.com,5610164473180195143
16,Roana,Pasby,rpasbyf@theguardian.com,5007661446434012
17,Judah,Thornber,jthornberg@wunderground.com,337941069198199
18,Martin,Mendes,mmendesh@reuters.com,3545696308468801
19,Justin,Stroyan,jstroyani@yahoo.co.jp,4844359782260386
20,Cesya,O'Downe,codownej@hc360.com,3538206280086016
